Opcode	opcode_debug_name	Input	Output	output_format	formats	comment		
109	PUSH_INT							
964	PUSH_VAR							
537	STORE_VAR							
403	PUSH_VAR_BIT							
687	STORE_VAR_BIT							
226	PUSH_OBJ							
375	GOTO							
1064	INT_NE							
569	INT_EQ							
281	INT_LT							
835	INT_GT							
206	INT_LE							
131	INT_GE							
17	LOAD_INT							
165	STORE_INT							
244	LOAD_OBJ							
641	STORE_OBJ							
26	MERGE_STRS							
286	POP_INT							
122	POP_OBJ							
444	CALL_SCRIPT							
702	NEW_ARRAY							
48	ARRAY_LOAD							
933	ARRAY_STORE							
342	SWITCH							
563	PUSH_LONG							
84	POP_LONG							
483	LOAD_LONG							
685	STORE_LONG							
0	LONG_NE							
1131	LONG_EQ							
324	LONG_LT							
544	LONG_GT							
445	LONG_LE							
129	LONG_GE							
191	ARRAY_LOAD_PUSH_INDEX_BEFORE							
809	ARRAY_LOAD_PUSH_INDEX_AFTER							
979	ARRAY_STORE_PUSH_INDEX							
166	TRUE_INT							
865	FALSE_INT							
1123	CC_CREATE	III		%3.createSlot(%2,%1)	RRC	widget(widgetId).createSlot(typeId,slot)		
887	CC_DELETE	V	V	CurrentCC.delete()		.		
936	CC_CLEAR	I	V	%1.clear()	C	Clears children		
195	aScriptInstruction_6274							
34	aScriptInstruction_5512	I	V	???(%1)	C	??		
130	aScriptInstruction_5513							
1113	aScriptInstruction_5514							
689	aScriptInstruction_5515							
372	aScriptInstruction_5496							
50	aScriptInstruction_5517							
875	aScriptInstruction_5553							
358	aScriptInstruction_5844							
1112	aScriptInstruction_5520							
112	aScriptInstruction_5521							
945	SET_CURRENT_COMP_POSITION							
932	SET_CURRENT_COMP_SIZE							
404	SET_CURRENT_COMP_HIDDEN							
99	SET_CUR_INTER_ASPECT_RATIO							
259	SET_CURRENT_COMP_SOLID							
922	SET_CURRENT_COMP_SCROLL_POS							
64	SET_CURRENT_COMP_COLOR							
577	SET_CURRENT_COMP_FILLED							
457	SET_CURRENT_COMP_ALPHA							
832	SET_CURRENT_COMP_LINE_WEIGHT							
488	SET_CURRENT_COMP_SPRITE							
318	SET_CURRENT_COMP_SPRITE_ROTATION							
694	SET_CURRENT_COMP_SPRITE_REPEAT							
1178	SET_CURRENT_COMP_MODEL							
965	SET_CURRENT_COMP_MODEL_CONSTRAINTS							
179	SET_CURRENT_COMP_ANIMATION							
573	aScriptInstruction_5945							
727	aScriptInstruction_5539							
248	aScriptInstruction_5540							
169	aScriptInstruction_5541							
683	SET_CURRENT_COMP_TEXT							
656	SET_CURRENT_COMP_FONT							
585	SET_CURRENT_COMP_TEXT_ALLIGNMENT							
615	SET_CURRENT_COMP_SHADED							
868	aScriptInstruction_5546							
335	aScriptInstruction_5547							
392	aScriptInstruction_5548							
758	aScriptInstruction_6581							
773	aScriptInstruction_5550							
442	aScriptInstruction_5551							
194	aScriptInstruction_6032							
919	aScriptInstruction_5981							
750	aScriptInstruction_5554							
859	aScriptInstruction_5555							
266	aScriptInstruction_5556							
894	aScriptInstruction_5557							
1102	aScriptInstruction_5558							
665	aScriptInstruction_5559							
151	aScriptInstruction_5560							
704	aScriptInstruction_5567							
913	aScriptInstruction_5562							
999	aScriptInstruction_5563							
631	aScriptInstruction_5530							
582	aScriptInstruction_5629							
192	aScriptInstruction_5566							
897	aScriptInstruction_6366							
673	aScriptInstruction_5568							
1074	aScriptInstruction_5569							
42	aScriptInstruction_5470							
1136	aScriptInstruction_5571							
399	aScriptInstruction_6350							
397	aScriptInstruction_5573							
916	aScriptInstruction_5574							
525	aScriptInstruction_5575							
364	aScriptInstruction_5576							
729	aScriptInstruction_5577							
1094	aScriptInstruction_6314							
142	aScriptInstruction_5579							
472	SET_CURRENT_COMP_OPTION							
492	SET_CURRENT_COMP_DEFAULT_SLOT							
636	SET_CURRENT_COMP_CONTENT_TYPE							
937	aScriptInstruction_5583							
223	aScriptInstruction_5584							
558	SET_CURRENT_COMP_APPLY_TEXT							
123	SET_CURRENT_COMP_TARGET_OP							
201	aScriptInstruction_5587							
639	SET_CURRENT_COMP_USE_ON_CURSOR							
213	SET_CURRENT_COMP_OPTION_CURSOR							
294	SET_CURRENT_COMP_DEFAULT_OPTION							
568	SET_CURRENT_COMP_OP_CURSOR							
234	aScriptInstruction_5995							
498	aScriptInstruction_5593							
178	aScriptInstruction_5594							
327	aScriptInstruction_5595							
469	aScriptInstruction_5596							
423	aScriptInstruction_6586							
867	aScriptInstruction_5598							
246	aScriptInstruction_5599							
795	aScriptInstruction_6462							
818	SET_CURRENT_COMP_MOUSE_PRESS_EVENT_HANDLER							
590	SET_CURRENT_COMP_MOUSE_DRAGGED_PAST_EVENT_HANDLER							
1011	SET_CURRENT_COMP_MOUSE_RELEASED_EVENT_HANDLER							
927	SET_CURRENT_COMP_MOUSE_OVER_EVENT_HANDLER							
323	SET_CURRENT_COMP_MOUSE_OUT_EVENT_HANDLER							
175	SET_CURRENT_COMP_UNKNOWN1_EVENT_HANDLER							
764	SET_CURRENT_COMP_DESELECT_EVENT_HANDLER							
1117	SET_CURRENT_COMP_VARP_EVENT_HANDLER							
197	SET_CURRENT_COMP_UPDATE_EVENT_HANDLER							
1179	SET_CURRENT_COMP_OPTION_SELECT_EVENT_HANDLER							
345	SET_CURRENT_COMP_INTERFACE_DRAG_EVENT_HANDLER							
815	SET_CURRENT_COMP_MOUSE_DRAG_EVENT_HANDLER							
782	SET_CURRENT_COMP_MOUSE_MOVE_EVENT_HANDLER							
382	SET_CURRENT_COMP_INV_EVENT_HANDLER							
359	SET_CURRENT_COMP_SKILL_EVENT_HANDLER							
71	SET_CURRENT_COMP_SELECT_EVENT_HANDLER							
785	SET_CURRENT_COMP_MOUSE_SCROLL_EVENT_HANDLER							
319	SET_CURRENT_COMP_CHAT_EVENT_HANDLER							
1066	SET_CURRENT_COMP_KEY_PRESS_EVENT_HANDLER							
1078	SET_CURRENT_COMP_UNUSED1_EVENT_HANDLER							
1137	SET_CURRENT_COMP_UNUSED2_EVENT_HANDLER							
211	SET_CURRENT_COMP_UNUSED3_EVENT_HANDLER							
767	SET_CURRENT_COMP_UNUSED4_EVENT_HANDLER							
1083	SET_CURRENT_COMP_FRIENDS_LIST_EVENT_HANDLER							
1050	SET_CURRENT_COMP_FRIENDS_CHAT_EVENT_HANDLER							
601	SET_CURRENT_COMP_STATUS_EVENT_HANDLER							
172	SET_CURRENT_COMP_ATTATCHMENT_EVENT_HANDLER							
1190	SET_CURRENT_COMP_UNKNOWN3_EVENT_HANDLER							
714	SET_CURRENT_COMP_EXCHANGE_EVENT_HANDLER							
505	SET_CURRENT_COMP_UNKNOWN4_EVENT_HANDLER							
1039	SET_CURRENT_COMP_RESIZE_EVENT_HANDLER							
159	SET_CURRENT_COMP_VARC_EVENT_HANDLER							
613	SET_CURRENT_COMP_VARC_STRING_EVENT_HANDLER							
461	SET_CURRENT_COMP_IF_ON_IF_EVENT_HANDLER							
760	SET_CURRENT_COMP_CLAN_SETTINGS_EVENT_HANDLER							
296	SET_CURRENT_COMP_CLAN_CHANNEL_EVENT_HANDLER							
650	SET_CURRENT_COMP_VARCLAN_EVENT_HANDLER							
939	SET_CURRENT_COMP_GROUP_EVENT_HANDLER							
792	SET_CURRENT_COMP_VARGROUP_EVENT_HANDLER							
222	SET_CURRENT_COMP_UNKNOWN6_EVENT_HANDLER							
322	aScriptInstruction_5641							
1173	aScriptInstruction_5642							
6	SET_COMP_POSITION	III	V	%1.setPosition(%2,%3)	C	Sets the position of the specified component, in the format (xoff, yoff, xPosMode, yPosMode)		
126	SET_COMP_SIZE	IIIII	V	%1.setSize(%2,%3,%4,%5)	C	Sets the size of the specified component, in the format (width, height, xSizeMode, ySizeMode)		
579	TOGGLE_SHOW_INTERFACE_COMPONENT	II	V	%1.setVisible(%2)	C	...		
284	SET_COMP_ASPECT_RATIO	IIIIIII	V	%1.setAspectRatio(%2,%3)	C			
376	SET_COMP_SOLID	II	V	%1.setSolid(%2)	CB			
174	SET_COMP_SCROLL_POSITION	IIIIIII	V	%1.setScrollPosition(%2,%3)	C			SETSCROLLPOS
409	SET_COMP_COLOR	II	V	%1.setColor(%2)	Cc			SETCOL
1046	SET_COMP_FILLED	II	V	%1.setFilled(%2)	CB			SETFILLED
27	SET_COMP_ALPHA	II	V	%1.setAlpha(%2)	C			SETALPHA
580	SET_COMP_LINEWIDTH	II	V	%1.setLineWidth(%2)	C			SETLINEWEIGHT
73	SET_COMP_SPRITE	II	V	%1.setSpriteId(%2)	C			SETGRAPHIC
874	COMP_SET_SPRITE_ROTATION	II	V	%1.setSpriteRotation(%2)	C			SETGRAPHICROTATION
329	COMP_SET_SPRITE_REPEATS	II	V	%1.setSpriteRepeats(%2)	C			SETGRAPHICREPEAT
87	COMP_SET_MODEL	II	V	%1.setModel(1,%2)	C	setMedia(type,id)		
231	COMP_SET_VIEW	IIIIIII	V	%1.setModelConstraints(%2,%3,%4,%5,%6,%7)	C	setView(offx,offy,...)		
331	COMP_SET_ANIMATION	II	V	%1.setAnimation(%2)	C			
869	aScriptInstruction_5474							
837	aScriptInstruction_5660							
103	aScriptInstruction_5661					??? 10 ints used besides widget		
732	COMP_SET_UNKNOWN	I	V	%1.setUnknownBoolean(FALSE)	C	????		
610	COMP_SET_TEXT	IO	V	%1.setText(%2)	C	Sets the text on a component		
1172	COMP_SET_FONT	II	V	%1.setFont(%2)	C	Sets the font		
1110	COMP_TEXT_ALIGNMENT	IIII	V	%1.setTextAlign(%2,%3,%4)	C	Sets the text alignment on the active component (format: xalignmode, yalignmode, lineheight)		
118	COMP_SET_SHADING	II	V	%1.setShaded(%2)	CB	Sets the shaded property on the component.		
371	COMP_SET_UNKNOWN_2	II	V	%1.setUnknownBoolean_371(%2)	CB			
645	COMP_SET_ROTATION	II	V	%1.setRotation(%2)	C			
861	COMP_SET_BGCOLOR	II	V	%1.setBackground(%2)	Cc			
309	SET_COMP_FLIPV	II	V	%1.setIsFlippedVertically(%2)	CB			
994	SET_COMP_FLIPH	II	V	%1.setIsFlippedHorizontally(%2)	CB			
453	SET_COMP_SCROLL	III	V	%1.setScrollDimension(%2,%3)	C	Sets the scroll max values. (maxWidth,maxHeight)		
946	aScriptInstruction_5673	II	V	%1.setLoadMethod(%2)	CB	loadMethod according to http://www.rune-server.org/runescape-development/rs-503-client-server/informative-threads/133378-80-refactored-508-format-2-interface-load-method.html		
137	SET_COMP_ZOOM	II	V	%1.setZoom(%2)	C			
138	aScriptInstruction_6107							
1084	aScriptInstruction_6168							
678	aScriptInstruction_5677							
62	COMP_SET_PARAM	III	V	%1.setParam(%2,%3)	C	Sets a param on a interface. %2 seems to indicate the type.		
455	aScriptInstruction_5679							
1019	aScriptInstruction_5680							
388	aScriptInstruction_5681							
530	aScriptInstruction_5682							
749	aScriptInstruction_5473							
944	aScriptInstruction_6441							
1125	SET_MEDIA_NPC_HEAD							
152	aScriptInstruction_5686							
872	SET_MEDIA_NPC							
474	aScriptInstruction_5688							
830	aScriptInstruction_5689							
482	aScriptInstruction_5690							
947	aScriptInstruction_5691							
860	aScriptInstruction_5692							
1024	aScriptInstruction_5479							
340	aScriptInstruction_5694							
9	aScriptInstruction_5695							
862	aScriptInstruction_5696							
870	aScriptInstruction_6620							
555	aScriptInstruction_5698							
68	aScriptInstruction_5699							
1021	SET_COMP_OPTION	IIO	V	%1.setOption(%2,%3)	C	Sets the option of a component on a slot. Ignored if slot <0 or > 9		
1177	aScriptInstruction_5701	III	V	%1.setSomething(getDynamicComponent(%3,%2))	C	Contents??		
712	aScriptInstruction_6192							
1098	aScriptInstruction_6305							
725	aScriptInstruction_6053							
280	aScriptInstruction_5705							
649	aScriptInstruction_5706							
494	aScriptInstruction_5707	I	V	%1.clearOptions()	C	Sets options to null.		
953	aScriptInstruction_6629							
810	aScriptInstruction_5709							
2	SET_COMP_DEFAULT_OPTION							
507	aScriptInstruction_5528							
708	aScriptInstruction_6216							
1095	aScriptInstruction_5762							
253	aScriptInstruction_5714							
724	aScriptInstruction_6011							
1138	aScriptInstruction_6682							
1141	aScriptInstruction_6220							
1027	aScriptInstruction_6523							
1116	aScriptInstruction_6434							
1016	aScriptInstruction_6197							
1043	SET_MOUSE_PRESS_EVENT_HANDLER							
985	SET_MOUSE_DRAGGED_PAST_EVENT_HANDLER							
790	SET_MOUSE_RELEASED_EVENT_HANDLER							
250	SET_MOUSE_OVER_EVENT_HANDLER							
663	SET_MOUSE_OUT_EVENT_HANDLER							
90	SET_UNKNOWN1_EVENT_HANDLER							
879	SET_DESELECT_EVENT_HANDLER							
912	SET_VARP_EVENT_HANDLER							
880	SET_UPDATE_EVENT_HANDLER							
447	SET_OPTION_SELECT_EVENT_HANDLER							
31	SET_INTERFACE_DRAG_EVENT_HANDLER							
252	SET_MOUSE_DRAG_EVENT_HANDLER							
373	SET_MOUSE_MOVE_EVENT_HANDLER							
385	SET_INV_EVENT_HANDLER							
1122	SET_SKILL_EVENT_HANDLER							
1086	SET_SELECT_EVENT_HANDLER							
314	SET_MOUSE_SCROLL_EVENT_HANDLER							
556	SET_CHAT_EVENT_HANDLER							
942	SET_KEY_PRESS_EVENT_HANDLER							
857	SET_UNUSED1_EVENT_HANDLER							
1080	SET_UNUSED2_EVENT_HANDLER							
485	SET_UNUSED3_EVENT_HANDLER							
622	SET_UNUSED4_EVENT_HANDLER							
55	SET_FRIENDS_LIST_EVENT_HANDLER							
293	SET_FRIENDS_CHAT_EVENT_HANDLER							
528	SET_STATUS_EVENT_HANDLER							
204	SET_ATTATCHMENT_EVENT_HANDLER							
684	SET_UNKNOWN3_EVENT_HANDLER							
210	SET_EXCHANGE_EVENT_HANDLER							
596	SET_UNKNOWN4_EVENT_HANDLER							
681	SET_RESIZE_EVENT_HANDLER							
398	SET_VARC_EVENT_HANDLER							
300	SET_VARC_STRING_EVENT_HANDLER							
303	SET_IF_ON_IF_EVENT_HANDLER							
310	SET_CLAN_SETTINGS_EVENT_HANDLER							
668	SET_CLAN_CHANNEL_EVENT_HANDLER							
562	SET_VARCLAN_EVENT_HANDLER							
888	SET_GROUP_EVENT_HANDLER							
419	SET_VARGROUP_EVENT_HANDLER							
60	SET_UNKNOWN6_EVENT_HANDLER							
11	aScriptInstruction_6364							
833	aScriptInstruction_6238							
1103	aScriptInstruction_5763							
1213	aScriptInstruction_5764							
307	aScriptInstruction_5549							
957	aScriptInstruction_5766							
462	RECOLOR_COMP_NPC							
896	aScriptInstruction_5768							
1108	aScriptInstruction_6208							
168	aScriptInstruction_6454							
572	SEND_GAME_MESSAGE							
278	RETI							
1042	aScriptInstruction_5773							
176	aScriptInstruction_5774							
92	aScriptInstruction_5775							
797	aScriptInstruction_5776							
473	aScriptInstruction_5777							
996	aScriptInstruction_5893							
1166	aScriptInstruction_6415							
1201	aScriptInstruction_5780							
413	aScriptInstruction_6182							
406	aScriptInstruction_5782	II	V	???(%1,%2)		??		
449	aScriptInstruction_5783							
402	aScriptInstruction_5784							
98	SEND_DEBUG_MESSAGE	IIO	V	debug(%2,%1,%3)		debug(type,unknown,text), 99 writes to console, 98 sets current console text, any other value writes to chat with type of the first argument and sets an unknown value, only used by scripts based on the second value.		
157	aScriptInstruction_5786							
297	aScriptInstruction_6026							
667	aScriptInstruction_5788							
97	aScriptInstruction_5789							
720	aScriptInstruction_5922							
7	aScriptInstruction_6219							
219	aScriptInstruction_5663							
603	aScriptInstruction_5793							
920	aScriptInstruction_5794							
906	aScriptInstruction_5795							
224	aScriptInstruction_5796							
705	aScriptInstruction_5797							
1182	aScriptInstruction_6130							
873	aScriptInstruction_5799							
747	aScriptInstruction_5800							
511	aScriptInstruction_6131							
900	aScriptInstruction_5916							
441	aScriptInstruction_5803							
1060	aScriptInstruction_5804							
506	aScriptInstruction_5805							
899	aScriptInstruction_5806							
188	aScriptInstruction_6391							
1075	aScriptInstruction_5808							
354	aScriptInstruction_5809							
539	aScriptInstruction_5610							
263	aScriptInstruction_5565							
908	aScriptInstruction_5828							
829	aScriptInstruction_5813							
796	aScriptInstruction_5974							
529	aScriptInstruction_5965							
627	aScriptInstruction_5929							
262	aScriptInstruction_5817							
220	aScriptInstruction_5552							
574	aScriptInstruction_5819							
334	aScriptInstruction_5990							
1101	aScriptInstruction_5821							
850	aScriptInstruction_5791							
611	aScriptInstruction_5999							
653	aScriptInstruction_5824							
1180	aScriptInstruction_6245							
931	aScriptInstruction_5826							
1100	aScriptInstruction_5827							
339	aScriptInstruction_6664							
550	aScriptInstruction_5829							
1164	aScriptInstruction_6319							
114	aScriptInstruction_5831							
349	aScriptInstruction_5832							
1153	aScriptInstruction_6294							
341	aScriptInstruction_5834							
715	aScriptInstruction_5835							
357	aScriptInstruction_5836							
1054	aScriptInstruction_6090							
1063	aScriptInstruction_6507							
1135	aScriptInstruction_5839							
489	aScriptInstruction_5840							
843	aScriptInstruction_5841							
127	aScriptInstruction_5842							
660	aScriptInstruction_6605							
805	aScriptInstruction_5911							
207	aScriptInstruction_6421							
882	aScriptInstruction_5846							
37	aScriptInstruction_5847							
718	aScriptInstruction_5848							
624	SET_WINDOW_MODE							
171	aScriptInstruction_5697							
490	aScriptInstruction_5600							
775	aScriptInstruction_5852							
1057	aScriptInstruction_5543							
1089	aScriptInstruction_5597							
903	aScriptInstruction_5855							
655	aScriptInstruction_5856							
963	aScriptInstruction_5857	O	V	System.out.println(%1)		Prints an line to the console.		
890	aScriptInstruction_5890							
1211	aScriptInstruction_5859							
895	aScriptInstruction_5860							
988	aScriptInstruction_6612							
630	aScriptInstruction_6307							
58	CALL_JS_3							
411	aScriptInstruction_5864							
828	aScriptInstruction_5494							
973	aScriptInstruction_6126							
504	aScriptInstruction_5980							
549	aScriptInstruction_5868							
190	aScriptInstruction_5869							
651	aScriptInstruction_5870	V	V	doSomething()		???????		
1168	aScriptInstruction_5871							
102	aScriptInstruction_5872							
270	aScriptInstruction_6351							
40	aScriptInstruction_6571							
523	aScriptInstruction_5875							
695	aScriptInstruction_6210							
77	aScriptInstruction_5877							
88	aScriptInstruction_5878							
1002	aScriptInstruction_5879							
1207	aScriptInstruction_6320							
625	aScriptInstruction_5881							
633	aScriptInstruction_5882							
124	aScriptInstruction_5883							
591	aScriptInstruction_5884							
669	aScriptInstruction_6283							
699	aScriptInstruction_6041							
680	aScriptInstruction_5888							
53	aScriptInstruction_6512							
1048	aScriptInstruction_5889							
884	aScriptInstruction_5801							
458	aScriptInstruction_5891							
134	aScriptInstruction_5761							
486	aScriptInstruction_5626							
199	aScriptInstruction_5837							
74	aScriptInstruction_5895							
925	aScriptInstruction_5721							
524	aScriptInstruction_5897							
1184	aScriptInstruction_6125							
998	aScriptInstruction_5899							
1132	aScriptInstruction_6614							
156	aScriptInstruction_5901							
929	aScriptInstruction_5896							
381	aScriptInstruction_6045							
75	aScriptInstruction_5904							
711	aScriptInstruction_5802							
1220	aScriptInstruction_5906							
710	aScriptInstruction_5907							
491	aScriptInstruction_5908							
770	aScriptInstruction_6642							
664	aScriptInstruction_5910							
848	aScriptInstruction_6467							
762	aScriptInstruction_5912							
958	aScriptInstruction_5913							
519	aScriptInstruction_5880							
32	aScriptInstruction_6342							
871	aScriptInstruction_6617							
675	aScriptInstruction_5917							
328	aScriptInstruction_5918							
379	aScriptInstruction_6456							
59	aScriptInstruction_5920							
400	aScriptInstruction_5921							
787	aScriptInstruction_6502							
14	aScriptInstruction_5923							
393	aScriptInstruction_5572							
812	aScriptInstruction_6688							
352	aScriptInstruction_5926							
1199	aScriptInstruction_5927							
778	aScriptInstruction_6400							
1091	aScriptInstruction_5564							
1040	aScriptInstruction_5930							
1007	aScriptInstruction_6513							
1152	aScriptInstruction_5932							
677	aScriptInstruction_6163							
521	aScriptInstruction_6595							
421	aScriptInstruction_5935							
493	aScriptInstruction_5936							
1061	aScriptInstruction_5937							
394	aScriptInstruction_5484							
41	aScriptInstruction_5939							
144	aScriptInstruction_5940							
1114	aScriptInstruction_5941							
1105	aScriptInstruction_5942							
1093	aScriptInstruction_5960							
110	aScriptInstruction_5787							
1214	aScriptInstruction_6222							
63	aScriptInstruction_5490							
802	aScriptInstruction_6531							
1029	aScriptInstruction_5948							
432	aScriptInstruction_6370							
983	aScriptInstruction_5950							
1185	aScriptInstruction_5951							
786	aScriptInstruction_5952							
1090	aScriptInstruction_5953							
1196	aScriptInstruction_5954							
289	aScriptInstruction_5955							
198	CCOMP_GET_RENDERHEIGHT	V	I	currentComponent().getRenderHeight()				
659	aScriptInstruction_5957							
1097	aScriptInstruction_6025							
267	aScriptInstruction_5959							
824	aScriptInstruction_6280							
604	aScriptInstruction_5961							
674	aScriptInstruction_5962							
1025	aScriptInstruction_5963							
799	aScriptInstruction_5964							
909	aScriptInstruction_6318							
230	aScriptInstruction_5966							
200	aScriptInstruction_5814							
803	aScriptInstruction_6575							
362	aScriptInstruction_5969							
450	aScriptInstruction_5970							
586	aScriptInstruction_5511							
136	aScriptInstruction_5529							
227	aScriptInstruction_5973							
8	aScriptInstruction_6006	I	V	Preferences.SetSkyBoxPreference(%1)		Int value		
44	aScriptInstruction_5958							
275	aScriptInstruction_5703							
1034	aScriptInstruction_5977	II	V	setCameraZoom(%2,%1)		setCameraZoom(?,?)		
1205	aScriptInstruction_5978							
143	aScriptInstruction_5979							
535	aScriptInstruction_6606							
518	aScriptInstruction_6009							
180	aScriptInstruction_5982							
420	aScriptInstruction_6211							
184	aScriptInstruction_5984							
532	aScriptInstruction_5649							
1096	aScriptInstruction_6667							
326	aScriptInstruction_5987							
20	aScriptInstruction_5988							
565	aScriptInstruction_5989							
652	aScriptInstruction_6226							
883	aScriptInstruction_5991							
863	aScriptInstruction_6573							
35	aScriptInstruction_5993							
1176	aScriptInstruction_5994							
1145	aScriptInstruction_5651							
643	aScriptInstruction_5996							
1015	aScriptInstruction_5640							
119	aScriptInstruction_5833							
502	aScriptInstruction_5944							
301	aScriptInstruction_6000							
305	aScriptInstruction_6001							
982	aScriptInstruction_5486							
321	aScriptInstruction_5849							
662	aScriptInstruction_6004							
514	aScriptInstruction_6005							
1217	aScriptInstruction_6589							
451	aScriptInstruction_6007							
1187	aScriptInstruction_6008							
153	aScriptInstruction_6490							
1068	SET_SELECTED_INTERFACE_SLOT							
104	SET_SELECTED_INTERFACE							
189	GET_CURRENT_COMP_RENDER_X							
648	GET_CURRENT_COMP_RENDER_Y							
265	aScriptInstruction_6014	I	I	GamePreferences.Unknown.Unknown(%1)		??		
956	GET_CURRENT_COMP_RENDER_HEIGHT							
367	aScriptInstruction_6016							
389	GET_CURRENT_COMP_DEFAULT_PARENT_HASH							
522	aScriptInstruction_6474							
637	aScriptInstruction_6019							
100	aScriptInstruction_6115							
597	aScriptInstruction_6021							
1128	aScriptInstruction_6022							
1045	aScriptInstruction_6023							
589	aScriptInstruction_6024							
1111	aScriptInstruction_6439							
164	aScriptInstruction_5684							
788	aScriptInstruction_6027							
145	aScriptInstruction_6028							
928	aScriptInstruction_6029							
911	aScriptInstruction_5659							
742	aScriptInstruction_6562							
128	GET_CURRENT_COMP_SPRITE_ID							
851	aScriptInstruction_6033							
671	aScriptInstruction_6034							
154	aScriptInstruction_6035							
691	aScriptInstruction_6362							
167	aScriptInstruction_6624							
602	aScriptInstruction_6038							
997	aScriptInstruction_6039							
635	aScriptInstruction_6253							
753	aScriptInstruction_5711							
325	aScriptInstruction_5820							
1163	aScriptInstruction_6405							
970	aScriptInstruction_6044							
86	aScriptInstruction_5489							
69	aScriptInstruction_6046							
292	GET_COMP_RENDER_X	I	I	%1.getRenderX()	C	n/a		
626	GET_COMP_RENDER_Y	I	I	%1.getRenderY()	C	n/a		
121	GET_COMP_RENDER_WIDTH	I	I	%1.getRenderWidth()	C	n/a		
1149	GET_COMP_RENDER_HEIGHT	I	I	%1.getRenderHeight()	C	n/a		
1140	GET_IS_COMP_HIDDEN	I	I	%1.isVisible()	C	n/a		
380	GET_COMP_DEFAULT_PARENT_HASH	I	I	%1.getDefaultParentHash()	C	n/a		
1044	GET_COMP_PARENT_HASH	I	I	%1.getParentHash()	C	n/a		
754	aScriptInstruction_6054							
923	GET_COMP_SCROLL_X							
845	GET_COMP_SCROLL_Y							
991	GET_COMP_TEXT	I	O	%1.getText()	C	n/a		
155	aScriptInstruction_5751							
816	GET_COMP_SCROLL_HEIGHT							
333	GET_COMP_ZOOM	I	I	%1.getZoom()	C			
430	aScriptInstruction_6003							
374	aScriptInstruction_6419							
820	COMP_GET_ROT_Y	I	I	%1.getRotationY()	C			
336	COMP_GET_ALPHA	I	I	%1.getAlpha()	C			
378	COMP_GET_TRANSLATE_X	I	I	%1.getTranslateX()	C			
975	COMP_GET_TRANSLATE_Y	I	I	%1.getTranslateY()	C			
1038	COMP_GET_SPRITE_ID	I	I	%1.getSpriteId()	C	getSprite		
876	COMP_GET_SPRITE_ROTATION	I	I	%1.getSpriteRotation()	C			
214	COMP_IS_MEDIA_TYPE_1	I	I	%1.isType(1)	C	Returns 1 or -1!		
1004	COMP_GET_FONT	I	I	%1.getFont()	C	Returns fontid		
934	COMP_GET_SPRITE_DIMENSIONS	I	II	%1.getSpriteDimensions()	C	Returns 2 ints.		
70	COMP_GET_FONT_2	I	I	%1.getFont()	C	Returns fontid		
16	COMP_GET_OBJ	I	I	%1.getObjId()	C	Returns the Object id (Or, also known as ITEM id)		
12	aScriptInstruction_6074	I	I	%1.getUnknownInt()	C	Gets an unknown int, related to opcode above		
501	aScriptInstruction_6075	I	I	getUnknown(%1)		??? something with a hashtable, looks like it checks if something exists as key		
949	GET_FREE_COMP_INDEX	I	I	%1.getFreeComponentIndex()	C			
417	aScriptInstruction_6399	II	I	checkUnknown(%1,%2)		Related to getUnknown -.-, boolean return type		
107	aScriptInstruction_6078	II	I	checkUnknown(%1,%2)		Same as above. Exactly		
235	aScriptInstruction_6079							
1147	aScriptInstruction_6080							
980	aScriptInstruction_5712							
101	aScriptInstruction_6082							
576	aScriptInstruction_6083							
1030	GET_UPDATE_TICK							
966	aScriptInstruction_6085							
1088	aScriptInstruction_6086							
115	GET_INV_ITEM_COUNT							
443	aScriptInstruction_6088							
735	GET_INV_CAPACITY							
65	aScriptInstruction_5758							
1175	aScriptInstruction_6091							
146	aScriptInstruction_6092							
276	aScriptInstruction_5785							
1036	aScriptInstruction_6094							
886	aScriptInstruction_5578							
989	aScriptInstruction_5538							
907	aScriptInstruction_6097							
583	aScriptInstruction_6098	I	I	getWorldmapSegment(%1).getX()		i_0_ >> 14 & 0x3fff, TODO: X or Z????		
614	aScriptInstruction_6099	I	I	getWorldmapSegment(%1).getDimension()		i_2_ >> 28		
19	aScriptInstruction_6100	I	I	getWorldmapSegment(%1).getY()		i_1_ & 0x3fff		
823	aScriptInstruction_6101							
1215	aScriptInstruction_6102							
23	aScriptInstruction_5607							
38	aScriptInstruction_6104							
515	aScriptInstruction_6105							
751	aScriptInstruction_6228							
1085	aScriptInstruction_5614							
771	aScriptInstruction_6108							
418	ARE_MEM_ITEMS_ALLOWED	V	I	isMembers()		Are members items allowed => is p2p?		
260	aScriptInstruction_6110							
229	aScriptInstruction_6111							
94	aScriptInstruction_6112							
76	aScriptInstruction_6113							
1056	aScriptInstruction_6644							
581	aScriptInstruction_6055							
1081	aScriptInstruction_6081							
496	aScriptInstruction_6117							
212	aScriptInstruction_6638							
82	aScriptInstruction_6119							
208	aScriptInstruction_6120							
437	aScriptInstruction_6121							
836	aScriptInstruction_5843							
632	aScriptInstruction_6123							
607	PLAYER_IS_MALE							
332	aScriptInstruction_6422							
1169	aScriptInstruction_6103							
661	aScriptInstruction_6095							
842	aScriptInstruction_6128							
52	aScriptInstruction_5702							
807	aScriptInstruction_6504	IIII	I	getWorldmapSegment(%4).add(%3,%2,%1).encode()		adds the components to the first number		
337	aScriptInstruction_6036							
891	aScriptInstruction_6132							
858	aScriptInstruction_5650							
95	aScriptInstruction_6134							
543	aScriptInstruction_6275							
1127	aScriptInstruction_6136							
755	aScriptInstruction_6184							
1130	aScriptInstruction_6373							
245	aScriptInstruction_6139							
500	aScriptInstruction_6140							
557	aScriptInstruction_6501							
1076	aScriptInstruction_6142							
512	aScriptInstruction_6143							
763	aScriptInstruction_6144							
666	aScriptInstruction_6145							
255	aScriptInstruction_6146							
438	aScriptInstruction_6147							
1003	aScriptInstruction_6148							
408	aScriptInstruction_6149							
608	GET_ENUM_VALUE							
285	aScriptInstruction_6151							
237	aScriptInstruction_6152							
51	GET_ENUM_SIZE	I	I	getEnum(%1).length		Gets the size of an enum		
1082	aScriptInstruction_6457							
621	aScriptInstruction_6155							
789	aScriptInstruction_6156							
642	aScriptInstruction_6157							
67	aScriptInstruction_6158							
1154	aScriptInstruction_6159							
618	aScriptInstruction_6160							
1191	aScriptInstruction_6161							
1053	aScriptInstruction_6162							
917	aScriptInstruction_6289							
508	aScriptInstruction_6164							
808	aScriptInstruction_6324							
1158	aScriptInstruction_6166							
746	aScriptInstruction_6167							
838	aScriptInstruction_5798							
759	aScriptInstruction_6169							
761	aScriptInstruction_5934							
139	aScriptInstruction_6171							
587	aScriptInstruction_6172							
440	aScriptInstruction_6173							
846	aScriptInstruction_6174							
801	aScriptInstruction_6175							
595	aScriptInstruction_5976							
690	aScriptInstruction_6177							
566	aScriptInstruction_6178							
1	aScriptInstruction_6179							
111	aScriptInstruction_6180							
567	aScriptInstruction_6181							
744	aScriptInstruction_6368							
918	aScriptInstruction_6183							
1013	aScriptInstruction_5919							
481	aScriptInstruction_6396							
584	aScriptInstruction_6186							
811	aScriptInstruction_6187							
273	aScriptInstruction_6528							
1216	aScriptInstruction_6189							
1032	aScriptInstruction_6295							
1195	aScriptInstruction_5992							
766	aScriptInstruction_6326							
722	aScriptInstruction_6193							
864	aScriptInstruction_6194							
971	aScriptInstruction_6195							
277	aScriptInstruction_6196							
251	aScriptInstruction_6276							
261	aScriptInstruction_6424							
1183	aScriptInstruction_6199							
736	aScriptInstruction_6200							
526	aScriptInstruction_6201							
350	aScriptInstruction_6202							
969	aScriptInstruction_6203							
757	aScriptInstruction_6204							
696	aScriptInstruction_6205							
748	aScriptInstruction_6018							
1129	aScriptInstruction_6207							
425	aScriptInstruction_6096							
401	aScriptInstruction_6209							
968	aScriptInstruction_5815							
306	aScriptInstruction_5759							
407	aScriptInstruction_6212							
634	aScriptInstruction_6213							
670	aScriptInstruction_6214							
784	aScriptInstruction_6215							
3	aScriptInstruction_6453							
1018	aScriptInstruction_6217							
1070	aScriptInstruction_6030							
777	aScriptInstruction_6428							
551	IS_VARCLAN_ENABLED							
125	IS_EXCHANGE_SELL_OFFER							
728	aScriptInstruction_6258							
1035	aScriptInstruction_6223							
791	GET_EXCHANGE_OFFER_AMOUNT							
756	GET_EXCHANGE_PROCESSED_COINS							
1000	aScriptInstruction_6564							
628	aScriptInstruction_5909							
654	aScriptInstruction_6382							
239	aScriptInstruction_6229							
1073	aScriptInstruction_6230							
475	ADD							
856	SUBTRACT							
1219	MULTIPLY							
987	DIVIDE							
1189	RANDOM							
644	RANDOM_PLUS_ONE							
476	LINEAR_INTERPOLATE							
108	WOT							
132	SET_BIT							
1161	CLEAR_BIT							
287	TEST_BIT							
1186	MOD							
236	POW							
1143	ROOT							
81	AND							
313	OR							
952	MIN							
241	MAX							
977	FRAC_MUL							
598	aScriptInstruction_6250							
268	aScriptInstruction_6685							
46	aScriptInstruction_6252							
935	aScriptInstruction_6460							
814	aScriptInstruction_6254							
546	aScriptInstruction_5535							
554	GET_COLOR_HTML							
61	aScriptInstruction_6257							
454	aScriptInstruction_6625							
91	aScriptInstruction_6593							
560	INT_TO_STRING							
72	COMPARE_STRINGS	OO	I	strcmp(%2,%1)		strcmp(a,b)		
247	GET_LINE_COUNT	OII	I	getLineCount(%3,%2,%1)		?????		
1209	aScriptInstruction_6263	OII	I	getTextRenderWidth(%3,%2,%1)		Hmm		
1058	aScriptInstruction_6264							
43	aScriptInstruction_6077							
1206	aScriptInstruction_6266							
510	aScriptInstruction_6267							
941	aScriptInstruction_6268							
33	aScriptInstruction_6269							
676	aScriptInstruction_6270							
395	aScriptInstruction_6271							
986	GET_STRING_LENGTH							
21	SUB_STRING	OII	O	%1.subString(%3,%2)		subString		
984	REMOVE_TAGS	O	O	removeHTMLTags(%1)		Removes everything between < and >		
149	aScriptInstruction_6636							
217	aScriptInstruction_5675	OOI	I	%2.indexOf(%1,%3)		indexOf(TEXT,fromINDEX)		
279	aScriptInstruction_6277							
844	aScriptInstruction_6278							
1049	aScriptInstruction_6279							
274	GET_STRING_WIDTH							
682	aScriptInstruction_6281							
734	aScriptInstruction_6282							
1148	aScriptInstruction_6466							
924	GET_OBJ_NAME							
170	aScriptInstruction_6285							
377	GET_OBJ_INV_OP							
657	aScriptInstruction_6287							
752	aScriptInstruction_6288							
205	GET_OBJ_CATEGORY							
1200	aScriptInstruction_6290							
105	aScriptInstruction_6291							
209	aScriptInstruction_6292							
731	aScriptInstruction_6293							
356	aScriptInstruction_6471							
158	aScriptInstruction_5779							
1067	aScriptInstruction_6296							
116	aScriptInstruction_6297							
834	aScriptInstruction_6298							
1022	IS_MEMBERS_ITEM	I	I	isMembersItem(%1)		isMembersItem(i)		
780	GET_OBJ_PARAM_BY_DEFAULT_VAL							
365	GET_OBJ_CURSOR_OP							
1121	aScriptInstruction_5704							
981	aScriptInstruction_6303							
1069	aScriptInstruction_6304							
1062	aScriptInstruction_5656							
783	GET_OBJ_NAME_COLOR							
338	GET_NPC_PARAM_BY_DEFAULT_VAL							
1037	aScriptInstruction_6002							
282	GET_STRUCT_VALUE							
343	aScriptInstruction_6310							
962	aScriptInstruction_6311							
992	aScriptInstruction_6312							
959	aScriptInstruction_5518							
254	aScriptInstruction_5943							
22	aScriptInstruction_6315							
1041	aScriptInstruction_6316	V	I	getUnknownProperty(%1)		?		
575	aScriptInstruction_6317							
1139	aScriptInstruction_5830							
387	aScriptInstruction_5627							
730	aScriptInstruction_6587							
467	aScriptInstruction_6321							
1055	aScriptInstruction_6322							
238	aScriptInstruction_6323							
520	aScriptInstruction_5886							
943	aScriptInstruction_6325							
1014	aScriptInstruction_5902							
1092	aScriptInstruction_6327							
914	aScriptInstruction_5639							
855	aScriptInstruction_6329							
426	aScriptInstruction_6330							
471	aScriptInstruction_5769							
412	aScriptInstruction_6176							
740	aScriptInstruction_6333							
15	aScriptInstruction_6334							
479	aScriptInstruction_6335							
974	aScriptInstruction_6336							
368	aScriptInstruction_6337							
499	aScriptInstruction_6338							
148	aScriptInstruction_6339							
1072	aScriptInstruction_5914							
616	aScriptInstruction_6341							
1009	aScriptInstruction_6165							
351	aScriptInstruction_6071							
369	aScriptInstruction_6344							
1031	aScriptInstruction_5933							
1170	aScriptInstruction_6346							
243	aScriptInstruction_6347							
83	aScriptInstruction_6348							
422	aScriptInstruction_6578							
541	aScriptInstruction_6675							
187	aScriptInstruction_6135							
460	aScriptInstruction_6352							
793	aScriptInstruction_6060							
533	aScriptInstruction_6354							
570	aScriptInstruction_5887							
181	aScriptInstruction_6356							
794	aScriptInstruction_6663							
849	aScriptInstruction_6358							
739	aScriptInstruction_6359							
1023	aScriptInstruction_6360							
772	aScriptInstruction_6227							
225	aScriptInstruction_5825							
1010	aScriptInstruction_6468							
240	aScriptInstruction_5708							
80	GET_MAP_SEGMENT_COORDS	I	II	getMapSegmentCoords()		i_9_ >> 28 & 0x3,i_9_ >> 14 & 0x3fff, i_9_ & 0x3fff		
36	aScriptInstruction_5765							
468	aScriptInstruction_6367							
434	aScriptInstruction_5508							
904	aScriptInstruction_6369							
120	aScriptInstruction_5998							
228	aScriptInstruction_5717							
347	aScriptInstruction_6372							
370	aScriptInstruction_6479							
1142	aScriptInstruction_6374							
79	aScriptInstruction_5715							
605	aScriptInstruction_6376							
435	aScriptInstruction_6475							
800	aScriptInstruction_6378							
348	aScriptInstruction_6379							
162	aScriptInstruction_6380							
951	aScriptInstruction_6106							
540	LOAD_INT_ZERO	V	I	0		false?		
741	aScriptInstruction_6607							
1174	aScriptInstruction_6384							
1028	aScriptInstruction_6385							
1008	aScriptInstruction_6371							
216	aScriptInstruction_6387							
978	aScriptInstruction_6388							
938	aScriptInstruction_6389							
600	aScriptInstruction_6390							
1118	aScriptInstruction_5924							
910	aScriptInstruction_6392							
1107	aScriptInstruction_6393							
1099	aScriptInstruction_6394							
776	aScriptInstruction_6395							
1146	aScriptInstruction_5861							
1198	aScriptInstruction_6397							
249	aScriptInstruction_6398							
915	aScriptInstruction_5876							
578	aScriptInstruction_5862							
186	aScriptInstruction_5986							
1087	aScriptInstruction_6402							
89	aScriptInstruction_6643							
713	GET_ACC_CREATION_STATUS							
1026	aScriptInstruction_6042							
283	aScriptInstruction_6406							
427	aScriptInstruction_6407							
559	aScriptInstruction_6408							
452	aScriptInstruction_6409							
1208	aScriptInstruction_6190							
140	aScriptInstruction_6308							
1059	aScriptInstruction_6412							
700	aScriptInstruction_6413							
448	aScriptInstruction_6414							
271	aScriptInstruction_6482							
56	aScriptInstruction_6416							
436	aScriptInstruction_6417							
1109	aScriptInstruction_6418							
185	aScriptInstruction_6544							
1165	aScriptInstruction_6420							
717	aScriptInstruction_6061							
707	aScriptInstruction_6072							
893	aScriptInstruction_6423							
202	aScriptInstruction_6518							
516	aScriptInstruction_6425							
1221	aScriptInstruction_6426							
1033	aScriptInstruction_6427							
386	aScriptInstruction_6650							
66	aScriptInstruction_6429							
606	aScriptInstruction_6430							
1193	aScriptInstruction_6431							
545	aScriptInstruction_6572							
804	aScriptInstruction_6084							
866	aScriptInstruction_5845							
25	aScriptInstruction_6435							
1204	aScriptInstruction_6436							
39	aScriptInstruction_6437							
1150	aScriptInstruction_6438							
1126	aScriptInstruction_5850							
295	aScriptInstruction_6440							
1052	aScriptInstruction_6122							
993	aScriptInstruction_6442							
390	aScriptInstruction_6443							
1006	aScriptInstruction_6444							
49	aScriptInstruction_6445							
218	aScriptInstruction_6446							
257	aScriptInstruction_5867							
133	aScriptInstruction_6448							
366	aScriptInstruction_6449							
779	aScriptInstruction_6450							
456	aScriptInstruction_6451							
264	aScriptInstruction_6546							
299	aScriptInstruction_5770							
612	aScriptInstruction_6616							
117	aScriptInstruction_6455							
1120	aScriptInstruction_5667							
1106	aScriptInstruction_6118							
1124	aScriptInstruction_6458							
459	aScriptInstruction_6459							
698	aScriptInstruction_6137							
688	aScriptInstruction_6524							
272	aScriptInstruction_6299							
428	aScriptInstruction_6463							
995	aScriptInstruction_6464							
1065	aScriptInstruction_6465							
806	aScriptInstruction_6580							
1181	aScriptInstruction_6648							
646	aScriptInstruction_6596							
826	aScriptInstruction_6469							
150	aScriptInstruction_6470							
553	aScriptInstruction_5739							
647	aScriptInstruction_6472							
1162	aScriptInstruction_6473							
24	aScriptInstruction_5713							
733	aScriptInstruction_6383							
905	aScriptInstruction_6476							
291	aScriptInstruction_6477							
177	aScriptInstruction_6191							
709	aScriptInstruction_5858							
18	GET_ROOT_INTERFACE	V	I	getRootInterfaceId()		Gets the root interface id.		
433	aScriptInstruction_6481							
921	aScriptInstruction_6188							
465	aScriptInstruction_6483							
258	aScriptInstruction_5892							
416	aScriptInstruction_6485							
593	aScriptInstruction_6486							
839	aScriptInstruction_6487							
693	aScriptInstruction_6488							
548	aScriptInstruction_5865							
405	aScriptInstruction_6331							
852	aScriptInstruction_6491							
4	aScriptInstruction_6492							
686	aScriptInstruction_6493							
312	aScriptInstruction_6494							
976	aScriptInstruction_6495							
821	aScriptInstruction_6496							
54	aScriptInstruction_5900							
466	aScriptInstruction_6498							
1171	aScriptInstruction_6499							
1155	aScriptInstruction_6500							
960	aScriptInstruction_6484							
930	aScriptInstruction_6401							
1194	aScriptInstruction_5718							
1144	aScriptInstruction_5582							
798	aScriptInstruction_6505							
1134	aScriptInstruction_6506							
774	aScriptInstruction_6116							
1104	aScriptInstruction_6508							
45	aScriptInstruction_6509							
1077	aScriptInstruction_6510							
1005	aScriptInstruction_6511							
304	aScriptInstruction_5885							
232	aScriptInstruction_6355							
1012	aScriptInstruction_6514							
640	aScriptInstruction_6515							
623	aScriptInstruction_6540							
57	aScriptInstruction_6517							
346	aScriptInstruction_6639							
464	aScriptInstruction_5778							
360	aScriptInstruction_6520							
840	aScriptInstruction_6521							
298	aScriptInstruction_6522							
1197	aScriptInstruction_5720							
10	aScriptInstruction_5818							
344	aScriptInstruction_6525							
1133	aScriptInstruction_6526							
847	aScriptInstruction_6527							
719	aScriptInstruction_6599							
47	aScriptInstruction_6529							
256	aScriptInstruction_6530							
160	aScriptInstruction_6020							
692	aScriptInstruction_6532							
1071	aScriptInstruction_6533							
414	aScriptInstruction_6534							
961	aScriptInstruction_6535							
1212	aScriptInstruction_5874							
898	aScriptInstruction_6537							
477	aScriptInstruction_6609							
877	aScriptInstruction_6539							
316	aScriptInstruction_5468							
1202	aScriptInstruction_6541							
902	aScriptInstruction_6154							
889	aScriptInstruction_6543							
484	aScriptInstruction_6671							
429	aScriptInstruction_6661							
1188	aScriptInstruction_6343							
588	aScriptInstruction_6547							
355	aScriptInstruction_6548							
478	aScriptInstruction_6549							
353	aScriptInstruction_6550							
948	aScriptInstruction_6551							
972	aScriptInstruction_5561							
513	aScriptInstruction_6553							
827	aScriptInstruction_6554							
892	aScriptInstruction_6555							
536	aScriptInstruction_5748							
288	aScriptInstruction_6557							
487	aScriptInstruction_6558							
534	aScriptInstruction_6559							
311	aScriptInstruction_6656							
723	aScriptInstruction_6561							
78	aScriptInstruction_6313							
552	aScriptInstruction_6563							
592	aScriptInstruction_6519							
825	aScriptInstruction_6565							
658	aScriptInstruction_6566							
221	aScriptInstruction_6567							
1160	aScriptInstruction_6568							
424	aScriptInstruction_6569							
446	aScriptInstruction_5812							
30	aScriptInstruction_5630							
470	aScriptInstruction_5609							
320	aScriptInstruction_5580							
769	aScriptInstruction_6574							
638	aScriptInstruction_6357							
706	aScriptInstruction_6576							
480	aScriptInstruction_6577							
954	aScriptInstruction_5622							
743	aScriptInstruction_6579							
881	aScriptInstruction_6093							
853	aScriptInstruction_6410							
1159	aScriptInstruction_6632							
765	aScriptInstruction_6583							
173	aScriptInstruction_6584							
330	aScriptInstruction_6585							
737	aScriptInstruction_6570							
701	aScriptInstruction_5729							
509	aScriptInstruction_6218							
703	aScriptInstruction_5853							
672	aScriptInstruction_6590							
141	aScriptInstruction_6591							
599	aScriptInstruction_6592							
384	aScriptInstruction_6503							
361	aScriptInstruction_6594							
517	aScriptInstruction_5873							
726	aScriptInstruction_5949							
629	aScriptInstruction_6597							
1203	aScriptInstruction_6598							
308	aScriptInstruction_6259							
542	aScriptInstruction_6600							
439	aScriptInstruction_6601							
242	aScriptInstruction_6602							
721	aScriptInstruction_5838							
290	aScriptInstruction_6604							
885	aScriptInstruction_5668							
415	aScriptInstruction_5676							
1115	NOP	V	V	NOP()				
1151	aScriptInstruction_6608							
161	aScriptInstruction_6361							
503	aScriptInstruction_6610							
93	aScriptInstruction_6611							
317	aScriptInstruction_5612							
822	aScriptInstruction_6613							
1210	aScriptInstruction_5665							
113	aScriptInstruction_6615							
819	aScriptInstruction_6058							
431	aScriptInstruction_6251							
878	aScriptInstruction_6618							
182	aScriptInstruction_6619							
203	aScriptInstruction_6626							
1017	aScriptInstruction_6665							
13	aScriptInstruction_6622							
940	aScriptInstruction_6623							
383	aScriptInstruction_6363							
817	aScriptInstruction_6377							
901	aScriptInstruction_5492							
391	aScriptInstruction_6627							
1001	aScriptInstruction_6556							
463	aScriptInstruction_6633							
163	aScriptInstruction_6630							
619	aScriptInstruction_6631							
85	aScriptInstruction_5792							
926	aScriptInstruction_6070							
215	aScriptInstruction_6678							
854	aScriptInstruction_6635							
620	aScriptInstruction_6302							
1157	aScriptInstruction_6637							
396	aScriptInstruction_6127							
28	TWITCH_LOGOUT							
547	aScriptInstruction_6640							
679	aScriptInstruction_6641							
1218	aScriptInstruction_5604							
697	aScriptInstruction_5482							
1167	aScriptInstruction_5481							
609	aScriptInstruction_6645							
315	aScriptInstruction_6646							
617	aScriptInstruction_6647							
5	aScriptInstruction_5971							
106	aScriptInstruction_6649							
1079	aScriptInstruction_6588							
768	aScriptInstruction_6651							
363	aScriptInstruction_6652							
1192	aScriptInstruction_6653							
233	aScriptInstruction_6654							
531	aScriptInstruction_5946							
527	aScriptInstruction_5975							
193	aScriptInstruction_6657							
29	aScriptInstruction_6658							
1020	aScriptInstruction_6659							
196	aScriptInstruction_6660							
955	aScriptInstruction_5811							
561	aScriptInstruction_5997							
1156	aScriptInstruction_5866							
302	aScriptInstruction_5516							
497	aScriptInstruction_6628							
841	aScriptInstruction_6666							
1047	aScriptInstruction_5816							
831	IS_WINDOWS	V	I	isWindowsOS()				
813	aScriptInstruction_6669							
538	aScriptInstruction_6670							
1119	aScriptInstruction_6516							
564	aScriptInstruction_6672							
716	aScriptInstruction_6031							
571	aScriptInstruction_6375							
745	aScriptInstruction_6087							
96	aScriptInstruction_6676							
1051	aScriptInstruction_6677							
738	aScriptInstruction_6452							
147	aScriptInstruction_6560							
183	aScriptInstruction_6680							
950	aScriptInstruction_6681							
781	aScriptInstruction_6340							
135	aScriptInstruction_6683							
495	aScriptInstruction_6684							
594	aScriptInstruction_6634							
967	aScriptInstruction_6686							
410	aScriptInstruction_6687							
269	aScriptInstruction_5781							
990	aScriptInstruction_6689							